{"cameraMode":{"drawMode":0,"name":"Shaded","section":"Shading Mode"},"sceneLighting":false,"audioPlay":false,"sceneViewState":{"showFog":false,"showMaterialUpdate":false,"showSkybox":false,"showFlares":false,"showImageEffects":false,"showParticleSystems":false},"in2DMode":false,"pivot":{"x":3.4062769412994386,"y":0.9691020250320435,"z":29.741178512573243},"rotation":{"x":0.07491100579500199,"y":0.0230355616658926,"z":-0.0017267692601308227,"w":0.9969373345375061},"size":1.5457385778427125,"orthographic":false}