{"cameraMode":{"drawMode":0,"name":"Shaded","section":"Shading Mode"},"sceneLighting":true,"audioPlay":false,"sceneViewState":{"showFog":false,"showMaterialUpdate":false,"showSkybox":false,"showFlares":false,"showImageEffects":false,"showParticleSystems":false},"in2DMode":false,"pivot":{"x":-0.09999990463256836,"y":3.5699996948242189,"z":98.55000305175781},"rotation":{"x":-0.1037973165512085,"y":-0.04765079542994499,"z":-0.0049921986646950249,"w":0.9934758543968201},"size":7.071069717407227,"orthographic":false}